N,Threads,Time_s
5000,1,14.247147
5000,2,7.099831
5000,4,3.671859
5000,8,1.936991
5000,12,1.634433
5000,16,1.499207
5000,20,1.467876
5000,24,1.564835
5000,28,1.520240
10000,1,122.406439
10000,2,58.595009
10000,4,30.859652
10000,8,16.832700
10000,12,12.921179
10000,16,11.366763
10000,20,11.586271
10000,24,11.779341
10000,28,11.636410
15000,1,382.127642
15000,2,201.144573
15000,4,107.127815
15000,8,56.223735
15000,12,45.458426
15000,16,39.764447
15000,20,40.907281
15000,24,42.657133
15000,28,41.696323
