N,BlockSize,Threads,Time_s
5000,32,1,14.259977
5000,32,2,7.463471
5000,32,4,3.615452
5000,32,8,2.045744
5000,32,12,1.771069
5000,32,16,1.538856
5000,32,20,1.500650
5000,32,24,1.574146
5000,32,28,1.588997
10000,32,1,113.335422
10000,32,2,58.796832
10000,32,4,30.844707
10000,32,8,16.306054
10000,32,12,12.659357
10000,32,16,11.454427
10000,32,20,11.608780
10000,32,24,11.688286
10000,32,28,11.775352
15000,32,1,400.253725
15000,32,2,202.057410
15000,32,4,108.747479
15000,32,8,55.835144
15000,32,12,44.862696
15000,32,16,39.437087
15000,32,20,39.699657
15000,32,24,41.456208
15000,32,28,41.413498
5000,64,1,15.406371
5000,64,2,7.100116
5000,64,4,3.614939
5000,64,8,1.947581
5000,64,12,1.623759
5000,64,16,1.483921
5000,64,20,1.576955
5000,64,24,1.570072
5000,64,28,1.554018
10000,64,1,122.094933
10000,64,2,57.407258
10000,64,4,31.412360
10000,64,8,16.420408
10000,64,12,13.158112
10000,64,16,11.403123
10000,64,20,11.372875
10000,64,24,11.705092
10000,64,28,11.646465
15000,64,1,383.765741
15000,64,2,202.484568
15000,64,4,106.624062
15000,64,8,55.443277
15000,64,12,44.552859
15000,64,16,39.303982
15000,64,20,39.567142
15000,64,24,41.163648
15000,64,28,41.183029
5000,128,1,14.212503
5000,128,2,7.402397
5000,128,4,3.625822
5000,128,8,1.945063
5000,128,12,1.627743
5000,128,16,1.519434
5000,128,20,1.509497
5000,128,24,1.560001
5000,128,28,1.584890
10000,128,1,113.365870
10000,128,2,58.581814
10000,128,4,30.461825
10000,128,8,16.504074
10000,128,12,12.945035
10000,128,16,11.497413
10000,128,20,11.560084
10000,128,24,11.852666
10000,128,28,11.715960
15000,128,1,381.898648
15000,128,2,202.318683
15000,128,4,107.079417
15000,128,8,55.229331
15000,128,12,44.164830
15000,128,16,39.811315
15000,128,20,40.163692
15000,128,24,40.823925
15000,128,28,40.744327
